filename,category,category16
03/pcd0300r.png,0,1
03/pcd0301r.png,0,1
03/pcd0303r.png,0,1
03/pcd0302r.png,0,1
03/pcd0304r.png,0,1
03/pcd0305r.png,0,1
03/pcd0306r.png,0,1
03/pcd0307r.png,0,1
03/pcd0308r.png,0,1
03/pcd0309r.png,0,1
03/pcd0310r.png,0,1
03/pcd0311r.png,0,1
03/pcd0312r.png,1,4
03/pcd0313r.png,1,4
03/pcd0314r.png,1,4
03/pcd0316r.png,1,4
03/pcd0315r.png,1,4
03/pcd0317r.png,1,4
03/pcd0318r.png,1,4
03/pcd0320r.png,1,4
03/pcd0319r.png,1,4
03/pcd0321r.png,1,4
03/pcd0322r.png,1,4
03/pcd0323r.png,1,4
03/pcd0325r.png,2,4
03/pcd0324r.png,2,4
03/pcd0326r.png,2,4
03/pcd0327r.png,3,3
03/pcd0328r.png,3,3
03/pcd0329r.png,3,3
03/pcd0330r.png,3,3
03/pcd0331r.png,4,8
03/pcd0332r.png,4,8
03/pcd0333r.png,4,8
03/pcd0335r.png,5,6
03/pcd0334r.png,4,8
03/pcd0336r.png,5,6
03/pcd0337r.png,5,6
03/pcd0338r.png,5,6
03/pcd0339r.png,6,4
03/pcd0340r.png,6,4
03/pcd0341r.png,6,4
03/pcd0342r.png,6,4
03/pcd0343r.png,7,7
03/pcd0345r.png,7,7
03/pcd0344r.png,7,7
03/pcd0346r.png,7,7
03/pcd0347r.png,1,4
03/pcd0348r.png,1,4
03/pcd0349r.png,1,4
03/pcd0350r.png,1,4
03/pcd0351r.png,8,2
03/pcd0352r.png,8,2
03/pcd0353r.png,8,2
03/pcd0354r.png,8,2
03/pcd0355r.png,9,7
03/pcd0356r.png,9,7
03/pcd0357r.png,9,7
03/pcd0358r.png,9,7
03/pcd0359r.png,9,7
03/pcd0360r.png,9,7
03/pcd0361r.png,9,7
03/pcd0362r.png,9,7
03/pcd0364r.png,9,7
03/pcd0363r.png,9,7
03/pcd0365r.png,9,7
03/pcd0366r.png,9,7
03/pcd0367r.png,9,7
03/pcd0368r.png,9,7
03/pcd0369r.png,9,7
03/pcd0370r.png,9,7
03/pcd0371r.png,9,7
03/pcd0372r.png,9,7
03/pcd0373r.png,9,7
03/pcd0374r.png,9,7
03/pcd0375r.png,10,2
03/pcd0376r.png,10,2
03/pcd0378r.png,10,2
03/pcd0377r.png,10,2
03/pcd0379r.png,10,2
03/pcd0380r.png,10,2
03/pcd0381r.png,10,2
03/pcd0383r.png,10,2
03/pcd0382r.png,10,2
03/pcd0384r.png,10,2
03/pcd0385r.png,10,2
03/pcd0386r.png,10,2
03/pcd0387r.png,6,4
03/pcd0388r.png,6,4
03/pcd0389r.png,1,4
03/pcd0390r.png,1,4
03/pcd0391r.png,1,4
03/pcd0393r.png,11,9
03/pcd0392r.png,1,4
03/pcd0394r.png,11,9
03/pcd0395r.png,11,9
03/pcd0396r.png,11,9
03/pcd0397r.png,11,9
03/pcd0398r.png,11,9
03/pcd0399r.png,12,5
07/pcd0700r.png,13,6
07/pcd0702r.png,13,6
07/pcd0701r.png,13,6
07/pcd0703r.png,13,6
07/pcd0704r.png,13,6
07/pcd0705r.png,13,6
07/pcd0706r.png,13,6
07/pcd0707r.png,13,6
07/pcd0708r.png,13,6
07/pcd0709r.png,13,6
07/pcd0710r.png,13,6
07/pcd0711r.png,13,6
07/pcd0712r.png,13,6
07/pcd0713r.png,13,6
07/pcd0714r.png,13,6
07/pcd0715r.png,14,5
07/pcd0716r.png,14,5
07/pcd0717r.png,14,5
07/pcd0719r.png,14,5
07/pcd0718r.png,14,5
07/pcd0720r.png,14,5
07/pcd0721r.png,14,5
07/pcd0722r.png,14,5
07/pcd0723r.png,8,2
07/pcd0724r.png,8,2
07/pcd0725r.png,8,2
07/pcd0726r.png,8,2
07/pcd0727r.png,15,10
07/pcd0728r.png,15,10
07/pcd0730r.png,15,10
07/pcd0729r.png,15,10
07/pcd0731r.png,16,14
07/pcd0732r.png,16,14
07/pcd0733r.png,16,14
07/pcd0734r.png,16,14
07/pcd0735r.png,16,14
07/pcd0736r.png,16,14
07/pcd0738r.png,16,14
07/pcd0737r.png,16,14
07/pcd0739r.png,16,14
07/pcd0740r.png,16,14
07/pcd0741r.png,16,14
07/pcd0742r.png,16,14
07/pcd0743r.png,17,7
07/pcd0744r.png,17,7
07/pcd0746r.png,17,7
07/pcd0745r.png,17,7
07/pcd0747r.png,17,7
07/pcd0748r.png,17,7
07/pcd0749r.png,17,7
07/pcd0750r.png,17,7
07/pcd0751r.png,17,7
07/pcd0752r.png,17,7
07/pcd0754r.png,17,7
07/pcd0753r.png,17,7
07/pcd0755r.png,18,13
07/pcd0756r.png,18,13
07/pcd0758r.png,18,13
07/pcd0757r.png,18,13
07/pcd0759r.png,14,5
07/pcd0760r.png,14,5
07/pcd0761r.png,14,5
07/pcd0762r.png,14,5
07/pcd0763r.png,20,10
07/pcd0764r.png,20,10
07/pcd0766r.png,20,10
07/pcd0765r.png,20,10
07/pcd0767r.png,20,10
07/pcd0768r.png,20,10
07/pcd0770r.png,20,10
07/pcd0769r.png,20,10
07/pcd0771r.png,15,10
07/pcd0772r.png,15,10
07/pcd0773r.png,15,10
07/pcd0775r.png,20,10
07/pcd0774r.png,15,10
07/pcd0776r.png,20,10
07/pcd0777r.png,20,10
07/pcd0778r.png,20,10
07/pcd0780r.png,21,10
07/pcd0779r.png,21,10
07/pcd0781r.png,21,10
07/pcd0782r.png,21,10
07/pcd0783r.png,21,10
07/pcd0784r.png,21,10
07/pcd0785r.png,21,10
07/pcd0786r.png,21,10
07/pcd0787r.png,4,8
07/pcd0788r.png,4,8
07/pcd0790r.png,4,8
07/pcd0789r.png,4,8
07/pcd0791r.png,4,8
07/pcd0792r.png,4,8
07/pcd0793r.png,4,8
07/pcd0795r.png,22,15
07/pcd0794r.png,4,8
07/pcd0796r.png,22,15
07/pcd0797r.png,23,2
07/pcd0798r.png,23,2
07/pcd0799r.png,23,2
10/pcd1000r.png,18,13
10/pcd1001r.png,24,6
10/pcd1002r.png,24,6
10/pcd1003r.png,24,6
10/pcd1004r.png,25,8
10/pcd1005r.png,25,8
10/pcd1006r.png,25,8
10/pcd1007r.png,25,8
10/pcd1008r.png,25,8
10/pcd1009r.png,25,8
10/pcd1010r.png,25,8
10/pcd1011r.png,25,8
10/pcd1012r.png,25,8
10/pcd1014r.png,26,13
10/pcd1013r.png,26,13
10/pcd1015r.png,26,13
10/pcd1016r.png,26,13
10/pcd1017r.png,26,13
10/pcd1018r.png,26,13
10/pcd1019r.png,26,13
10/pcd1020r.png,26,13
10/pcd1021r.png,26,13
10/pcd1023r.png,26,13
10/pcd1022r.png,26,13
10/pcd1024r.png,26,13
10/pcd1025r.png,27,13
10/pcd1026r.png,27,13
10/pcd1027r.png,27,13
10/pcd1028r.png,27,13
10/pcd1029r.png,27,13
10/pcd1030r.png,27,13
10/pcd1031r.png,23,2
10/pcd1033r.png,12,5
10/pcd1032r.png,23,2
10/pcd1034r.png,12,5
05/pcd0500r.png,17,7
05/pcd0502r.png,28,2
05/pcd0501r.png,28,2
05/pcd0503r.png,28,2
05/pcd0504r.png,28,2
05/pcd0505r.png,29,2
05/pcd0507r.png,29,2
05/pcd0506r.png,29,2
05/pcd0508r.png,29,2
05/pcd0509r.png,29,2
05/pcd0510r.png,29,2
05/pcd0511r.png,29,2
05/pcd0512r.png,29,2
05/pcd0513r.png,30,9
05/pcd0514r.png,30,9
05/pcd0515r.png,30,9
05/pcd0517r.png,31,2
05/pcd0516r.png,30,9
05/pcd0518r.png,31,2
05/pcd0519r.png,31,2
05/pcd0520r.png,31,2
05/pcd0521r.png,32,13
05/pcd0522r.png,32,13
05/pcd0523r.png,32,13
05/pcd0524r.png,32,13
05/pcd0525r.png,1,4
05/pcd0526r.png,1,4
05/pcd0528r.png,1,4
05/pcd0527r.png,1,4
05/pcd0529r.png,7,7
05/pcd0530r.png,7,7
05/pcd0531r.png,7,7
05/pcd0533r.png,11,9
05/pcd0532r.png,7,7
05/pcd0534r.png,11,9
05/pcd0535r.png,11,9
05/pcd0536r.png,11,9
05/pcd0537r.png,11,9
05/pcd0538r.png,11,9
05/pcd0539r.png,11,9
05/pcd0540r.png,11,9
05/pcd0541r.png,11,9
05/pcd0542r.png,33,3
05/pcd0544r.png,33,3
05/pcd0543r.png,33,3
05/pcd0545r.png,33,3
05/pcd0546r.png,30,9
05/pcd0547r.png,30,9
05/pcd0548r.png,30,9
05/pcd0549r.png,30,9
05/pcd0550r.png,30,9
05/pcd0551r.png,30,9
05/pcd0552r.png,30,9
05/pcd0554r.png,30,9
05/pcd0553r.png,30,9
05/pcd0555r.png,30,9
05/pcd0556r.png,30,9
05/pcd0557r.png,30,9
05/pcd0558r.png,30,9
05/pcd0559r.png,30,9
05/pcd0560r.png,30,9
05/pcd0561r.png,30,9
05/pcd0562r.png,34,11
05/pcd0563r.png,34,11
05/pcd0564r.png,34,11
05/pcd0565r.png,34,11
05/pcd0566r.png,34,11
05/pcd0567r.png,34,11
05/pcd0568r.png,34,11
05/pcd0569r.png,34,11
05/pcd0570r.png,34,11
05/pcd0571r.png,34,11
05/pcd0573r.png,34,11
05/pcd0572r.png,34,11
05/pcd0574r.png,34,11
05/pcd0575r.png,34,11
05/pcd0576r.png,34,11
05/pcd0578r.png,35,12
05/pcd0577r.png,34,11
05/pcd0579r.png,35,12
05/pcd0580r.png,35,12
05/pcd0581r.png,35,12
05/pcd0583r.png,35,12
05/pcd0582r.png,35,12
05/pcd0584r.png,35,12
05/pcd0585r.png,35,12
05/pcd0586r.png,35,12
05/pcd0587r.png,35,12
05/pcd0588r.png,35,12
05/pcd0589r.png,35,12
05/pcd0590r.png,36,9
05/pcd0591r.png,36,9
05/pcd0592r.png,36,9
05/pcd0593r.png,36,9
05/pcd0594r.png,37,6
05/pcd0595r.png,37,6
05/pcd0596r.png,37,6
05/pcd0598r.png,37,6
05/pcd0597r.png,37,6
05/pcd0599r.png,37,6
04/pcd0400r.png,14,5
04/pcd0401r.png,14,5
04/pcd0402r.png,14,5
04/pcd0403r.png,14,5
04/pcd0404r.png,14,5
04/pcd0405r.png,14,5
04/pcd0406r.png,14,5
04/pcd0408r.png,14,5
04/pcd0407r.png,14,5
04/pcd0409r.png,14,5
04/pcd0410r.png,14,5
04/pcd0411r.png,14,5
04/pcd0412r.png,14,5
04/pcd0413r.png,14,5
04/pcd0414r.png,14,5
04/pcd0415r.png,14,5
04/pcd0416r.png,14,5
04/pcd0418r.png,14,5
04/pcd0417r.png,14,5
04/pcd0419r.png,14,5
04/pcd0420r.png,14,5
04/pcd0421r.png,14,5
04/pcd0422r.png,14,5
04/pcd0423r.png,14,5
04/pcd0424r.png,14,5
04/pcd0425r.png,14,5
04/pcd0426r.png,14,5
04/pcd0427r.png,14,5
04/pcd0428r.png,14,5
04/pcd0429r.png,14,5
04/pcd0430r.png,14,5
04/pcd0432r.png,14,5
04/pcd0431r.png,14,5
04/pcd0433r.png,14,5
04/pcd0434r.png,14,5
04/pcd0435r.png,14,5
04/pcd0436r.png,14,5
04/pcd0438r.png,14,5
04/pcd0437r.png,14,5
04/pcd0439r.png,18,13
04/pcd0440r.png,18,13
04/pcd0441r.png,18,13
04/pcd0443r.png,31,2
04/pcd0442r.png,18,13
04/pcd0444r.png,31,2
04/pcd0445r.png,31,2
04/pcd0446r.png,31,2
04/pcd0447r.png,17,7
04/pcd0448r.png,17,7
04/pcd0449r.png,17,7
04/pcd0450r.png,17,7
04/pcd0451r.png,17,7
04/pcd0452r.png,17,7
04/pcd0453r.png,17,7
04/pcd0454r.png,17,7
04/pcd0455r.png,17,7
04/pcd0456r.png,17,7
04/pcd0457r.png,17,7
04/pcd0458r.png,17,7
04/pcd0459r.png,17,7
04/pcd0460r.png,17,7
04/pcd0462r.png,17,7
04/pcd0461r.png,17,7
04/pcd0463r.png,17,7
04/pcd0464r.png,17,7
04/pcd0465r.png,17,7
04/pcd0466r.png,17,7
04/pcd0467r.png,17,7
04/pcd0468r.png,17,7
04/pcd0469r.png,17,7
04/pcd0471r.png,17,7
04/pcd0470r.png,17,7
04/pcd0472r.png,17,7
04/pcd0473r.png,17,7
04/pcd0474r.png,17,7
04/pcd0475r.png,10,2
04/pcd0476r.png,10,2
04/pcd0477r.png,10,2
04/pcd0478r.png,10,2
04/pcd0479r.png,6,4
04/pcd0480r.png,6,4
04/pcd0481r.png,17,7
04/pcd0483r.png,17,7
04/pcd0482r.png,17,7
04/pcd0484r.png,17,7
04/pcd0485r.png,14,5
04/pcd0486r.png,14,5
04/pcd0487r.png,14,5
04/pcd0488r.png,14,5
04/pcd0489r.png,28,2
04/pcd0490r.png,28,2
04/pcd0491r.png,28,2
04/pcd0492r.png,28,2
04/pcd0493r.png,28,2
04/pcd0494r.png,28,2
04/pcd0495r.png,28,2
04/pcd0496r.png,28,2
04/pcd0497r.png,17,7
04/pcd0498r.png,17,7
04/pcd0499r.png,17,7
09/pcd0900r.png,17,7
09/pcd0901r.png,17,7
09/pcd0902r.png,17,7
09/pcd0903r.png,17,7
09/pcd0904r.png,17,7
09/pcd0905r.png,17,7
09/pcd0906r.png,17,7
09/pcd0907r.png,17,7
09/pcd0909r.png,17,7
09/pcd0908r.png,17,7
09/pcd0910r.png,17,7
09/pcd0911r.png,17,7
09/pcd0912r.png,17,7
09/pcd0914r.png,17,7
09/pcd0913r.png,17,7
09/pcd0915r.png,17,7
09/pcd0916r.png,17,7
09/pcd0917r.png,17,7
09/pcd0919r.png,17,7
09/pcd0918r.png,17,7
09/pcd0920r.png,17,7
09/pcd0921r.png,17,7
09/pcd0922r.png,17,7
09/pcd0923r.png,17,7
09/pcd0924r.png,17,7
09/pcd0925r.png,17,7
09/pcd0926r.png,17,7
09/pcd0927r.png,17,7
09/pcd0928r.png,17,7
09/pcd0929r.png,17,7
09/pcd0930r.png,17,7
09/pcd0931r.png,17,7
09/pcd0933r.png,17,7
09/pcd0932r.png,17,7
09/pcd0934r.png,38,12
09/pcd0935r.png,38,12
09/pcd0936r.png,38,12
09/pcd0938r.png,38,12
09/pcd0937r.png,38,12
09/pcd0939r.png,38,12
09/pcd0940r.png,38,12
09/pcd0941r.png,38,12
09/pcd0942r.png,38,12
09/pcd0943r.png,38,12
09/pcd0944r.png,38,12
09/pcd0945r.png,38,12
09/pcd0946r.png,38,12
09/pcd0947r.png,38,12
09/pcd0948r.png,38,12
09/pcd0949r.png,38,12
02/pcd0201r.png,20,10
02/pcd0200r.png,33,3
02/pcd0202r.png,20,10
02/pcd0203r.png,20,10
02/pcd0204r.png,20,10
02/pcd0206r.png,17,7
02/pcd0205r.png,17,7
02/pcd0207r.png,17,7
02/pcd0208r.png,17,7
02/pcd0210r.png,20,10
02/pcd0209r.png,20,10
02/pcd0211r.png,20,10
02/pcd0212r.png,20,10
02/pcd0213r.png,15,10
02/pcd0214r.png,15,10
02/pcd0215r.png,15,10
02/pcd0216r.png,15,10
02/pcd0217r.png,17,7
02/pcd0218r.png,17,7
02/pcd0220r.png,19,10
02/pcd0219r.png,19,10
02/pcd0221r.png,19,10
02/pcd0222r.png,19,10
02/pcd0223r.png,19,10
02/pcd0225r.png,19,10
02/pcd0224r.png,19,10
02/pcd0226r.png,19,10
02/pcd0227r.png,19,10
02/pcd0228r.png,19,10
02/pcd0229r.png,19,10
02/pcd0230r.png,19,10
02/pcd0231r.png,19,10
02/pcd0232r.png,19,10
02/pcd0233r.png,19,10
02/pcd0234r.png,19,10
02/pcd0235r.png,15,10
02/pcd0236r.png,15,10
02/pcd0237r.png,15,10
02/pcd0238r.png,15,10
02/pcd0240r.png,17,7
02/pcd0239r.png,17,7
02/pcd0241r.png,17,7
02/pcd0242r.png,17,7
02/pcd0243r.png,17,7
02/pcd0245r.png,17,7
02/pcd0244r.png,17,7
02/pcd0246r.png,17,7
02/pcd0247r.png,6,4
02/pcd0248r.png,30,9
02/pcd0250r.png,30,9
02/pcd0249r.png,30,9
02/pcd0251r.png,30,9
02/pcd0252r.png,17,7
02/pcd0253r.png,17,7
02/pcd0254r.png,17,7
02/pcd0255r.png,17,7
02/pcd0256r.png,8,2
02/pcd0258r.png,8,2
02/pcd0257r.png,8,2
02/pcd0259r.png,8,2
02/pcd0260r.png,7,7
02/pcd0261r.png,7,7
02/pcd0263r.png,7,7
02/pcd0262r.png,7,7
02/pcd0264r.png,39,14
02/pcd0265r.png,39,14
02/pcd0266r.png,39,14
02/pcd0268r.png,39,14
02/pcd0267r.png,39,14
02/pcd0269r.png,39,14
02/pcd0270r.png,39,14
02/pcd0271r.png,39,14
02/pcd0272r.png,39,14
02/pcd0273r.png,39,14
02/pcd0274r.png,39,14
02/pcd0275r.png,39,14
02/pcd0277r.png,39,14
02/pcd0276r.png,39,14
02/pcd0278r.png,39,14
02/pcd0279r.png,39,14
02/pcd0280r.png,40,14
02/pcd0282r.png,40,14
02/pcd0281r.png,40,14
02/pcd0283r.png,40,14
02/pcd0284r.png,29,2
02/pcd0285r.png,29,2
02/pcd0286r.png,29,2
02/pcd0287r.png,29,2
02/pcd0288r.png,17,7
02/pcd0289r.png,17,7
02/pcd0290r.png,17,7
02/pcd0291r.png,17,7
02/pcd0292r.png,17,7
02/pcd0293r.png,17,7
02/pcd0294r.png,17,7
02/pcd0295r.png,17,7
02/pcd0296r.png,0,1
02/pcd0297r.png,0,1
02/pcd0298r.png,0,1
02/pcd0299r.png,0,1
08/pcd0800r.png,23,2
08/pcd0801r.png,2,4
08/pcd0802r.png,2,4
08/pcd0803r.png,2,4
08/pcd0805r.png,5,6
08/pcd0804r.png,5,6
08/pcd0806r.png,5,6
08/pcd0807r.png,5,6
08/pcd0808r.png,5,6
08/pcd0809r.png,5,6
08/pcd0810r.png,5,6
08/pcd0811r.png,5,6
08/pcd0812r.png,5,6
08/pcd0813r.png,5,6
08/pcd0814r.png,5,6
08/pcd0816r.png,5,6
08/pcd0815r.png,5,6
08/pcd0817r.png,5,6
08/pcd0818r.png,5,6
08/pcd0819r.png,5,6
08/pcd0820r.png,5,6
08/pcd0821r.png,5,6
08/pcd0822r.png,5,6
08/pcd0823r.png,5,6
08/pcd0824r.png,5,6
08/pcd0825r.png,5,6
08/pcd0826r.png,5,6
08/pcd0827r.png,5,6
08/pcd0828r.png,5,6
08/pcd0829r.png,5,6
08/pcd0830r.png,5,6
08/pcd0831r.png,5,6
08/pcd0832r.png,5,6
08/pcd0833r.png,5,6
08/pcd0834r.png,5,6
08/pcd0835r.png,5,6
08/pcd0836r.png,5,6
08/pcd0837r.png,5,6
08/pcd0838r.png,5,6
08/pcd0839r.png,5,6
08/pcd0840r.png,5,6
08/pcd0841r.png,5,6
08/pcd0842r.png,5,6
08/pcd0843r.png,5,6
08/pcd0844r.png,5,6
08/pcd0845r.png,5,6
08/pcd0846r.png,5,6
08/pcd0847r.png,5,6
08/pcd0848r.png,5,6
08/pcd0849r.png,5,6
08/pcd0850r.png,5,6
08/pcd0851r.png,5,6
08/pcd0852r.png,5,6
08/pcd0853r.png,5,6
08/pcd0854r.png,5,6
08/pcd0856r.png,5,6
08/pcd0855r.png,5,6
08/pcd0857r.png,5,6
08/pcd0858r.png,5,6
08/pcd0859r.png,5,6
08/pcd0861r.png,5,6
08/pcd0860r.png,5,6
08/pcd0862r.png,5,6
08/pcd0863r.png,5,6
08/pcd0864r.png,5,6
08/pcd0865r.png,5,6
08/pcd0866r.png,5,6
08/pcd0867r.png,5,6
08/pcd0868r.png,5,6
08/pcd0869r.png,5,6
08/pcd0870r.png,5,6
08/pcd0871r.png,5,6
08/pcd0872r.png,5,6
08/pcd0873r.png,5,6
08/pcd0875r.png,5,6
08/pcd0874r.png,5,6
08/pcd0876r.png,41,14
08/pcd0877r.png,41,14
08/pcd0878r.png,41,14
08/pcd0879r.png,41,14
08/pcd0880r.png,41,14
08/pcd0881r.png,41,14
08/pcd0882r.png,41,14
08/pcd0884r.png,41,14
08/pcd0883r.png,41,14
08/pcd0885r.png,41,14
08/pcd0886r.png,41,14
08/pcd0887r.png,41,14
08/pcd0889r.png,41,14
08/pcd0888r.png,41,14
08/pcd0890r.png,41,14
08/pcd0891r.png,41,14
08/pcd0892r.png,41,14
08/pcd0894r.png,41,14
08/pcd0893r.png,41,14
08/pcd0895r.png,41,14
08/pcd0896r.png,41,14
08/pcd0897r.png,41,14
08/pcd0898r.png,17,7
08/pcd0899r.png,17,7
01/pcd0100r.png,28,2
01/pcd0101r.png,28,2
01/pcd0102r.png,36,9
01/pcd0103r.png,36,9
01/pcd0104r.png,36,9
01/pcd0105r.png,36,9
01/pcd0106r.png,43,3
01/pcd0107r.png,43,3
01/pcd0108r.png,43,3
01/pcd0109r.png,43,3
01/pcd0110r.png,39,14
01/pcd0111r.png,39,14
01/pcd0112r.png,39,14
01/pcd0113r.png,39,14
01/pcd0114r.png,39,14
01/pcd0115r.png,39,14
01/pcd0116r.png,39,14
01/pcd0117r.png,39,14
01/pcd0118r.png,29,2
01/pcd0119r.png,29,2
01/pcd0120r.png,29,2
01/pcd0122r.png,31,2
01/pcd0121r.png,29,2
01/pcd0123r.png,31,2
01/pcd0124r.png,31,2
01/pcd0125r.png,31,2
01/pcd0126r.png,11,9
01/pcd0128r.png,11,9
01/pcd0127r.png,11,9
01/pcd0129r.png,4,8
01/pcd0130r.png,4,8
01/pcd0131r.png,4,8
01/pcd0132r.png,4,8
01/pcd0133r.png,43,3
01/pcd0134r.png,43,3
01/pcd0135r.png,43,3
01/pcd0136r.png,43,3
01/pcd0137r.png,7,7
01/pcd0138r.png,7,7
01/pcd0139r.png,7,7
01/pcd0140r.png,7,7
01/pcd0141r.png,7,7
01/pcd0143r.png,7,7
01/pcd0142r.png,7,7
01/pcd0144r.png,7,7
01/pcd0145r.png,7,7
01/pcd0146r.png,7,7
01/pcd0147r.png,7,7
01/pcd0148r.png,7,7
01/pcd0149r.png,7,7
01/pcd0150r.png,7,7
01/pcd0151r.png,7,7
01/pcd0152r.png,7,7
01/pcd0153r.png,43,3
01/pcd0154r.png,43,3
01/pcd0155r.png,43,3
01/pcd0156r.png,43,3
01/pcd0157r.png,29,2
01/pcd0159r.png,29,2
01/pcd0158r.png,29,2
01/pcd0160r.png,29,2
01/pcd0161r.png,17,7
01/pcd0162r.png,17,7
01/pcd0163r.png,17,7
01/pcd0164r.png,17,7
01/pcd0165r.png,44,11
01/pcd0166r.png,44,11
01/pcd0167r.png,44,11
01/pcd0168r.png,44,11
01/pcd0170r.png,17,7
01/pcd0169r.png,17,7
01/pcd0171r.png,17,7
01/pcd0172r.png,17,7
01/pcd0173r.png,15,10
01/pcd0175r.png,15,10
01/pcd0174r.png,15,10
01/pcd0176r.png,15,10
01/pcd0177r.png,15,10
01/pcd0178r.png,15,10
01/pcd0179r.png,15,10
01/pcd0181r.png,20,10
01/pcd0180r.png,15,10
01/pcd0182r.png,20,10
01/pcd0183r.png,20,10
01/pcd0185r.png,43,3
01/pcd0184r.png,20,10
01/pcd0186r.png,43,3
01/pcd0187r.png,43,3
01/pcd0188r.png,43,3
01/pcd0189r.png,43,3
01/pcd0190r.png,43,3
01/pcd0191r.png,43,3
01/pcd0192r.png,43,3
01/pcd0193r.png,18,13
01/pcd0195r.png,18,13
01/pcd0194r.png,18,13
01/pcd0196r.png,18,13
01/pcd0197r.png,33,3
01/pcd0198r.png,33,3
01/pcd0199r.png,33,3
06/pcd0600r.png,37,6
06/pcd0601r.png,37,6
06/pcd0602r.png,37,6
06/pcd0603r.png,37,6
06/pcd0604r.png,37,6
06/pcd0605r.png,37,6
06/pcd0606r.png,43,3
06/pcd0607r.png,43,3
06/pcd0608r.png,43,3
06/pcd0609r.png,43,3
06/pcd0610r.png,43,3
06/pcd0611r.png,43,3
06/pcd0613r.png,43,3
06/pcd0612r.png,43,3
06/pcd0614r.png,43,3
06/pcd0615r.png,43,3
06/pcd0616r.png,43,3
06/pcd0618r.png,43,3
06/pcd0617r.png,43,3
06/pcd0619r.png,43,3
06/pcd0620r.png,43,3
06/pcd0621r.png,43,3
06/pcd0623r.png,45,8
06/pcd0622r.png,45,8
06/pcd0624r.png,45,8
06/pcd0625r.png,45,8
06/pcd0626r.png,45,8
06/pcd0628r.png,45,8
06/pcd0627r.png,45,8
06/pcd0629r.png,45,8
06/pcd0630r.png,45,8
06/pcd0631r.png,45,8
06/pcd0632r.png,45,8
06/pcd0633r.png,39,14
06/pcd0634r.png,39,14
06/pcd0635r.png,39,14
06/pcd0636r.png,39,14
06/pcd0638r.png,39,14
06/pcd0637r.png,39,14
06/pcd0639r.png,39,14
06/pcd0640r.png,39,14
06/pcd0641r.png,39,14
06/pcd0642r.png,39,14
06/pcd0643r.png,39,14
06/pcd0644r.png,39,14
06/pcd0645r.png,39,14
06/pcd0647r.png,39,14
06/pcd0646r.png,39,14
06/pcd0648r.png,39,14
06/pcd0649r.png,46,15
06/pcd0650r.png,46,15
06/pcd0651r.png,46,15
06/pcd0652r.png,46,15
06/pcd0653r.png,46,15
06/pcd0654r.png,46,15
06/pcd0655r.png,46,15
06/pcd0656r.png,46,15
06/pcd0657r.png,46,15
06/pcd0658r.png,46,15
06/pcd0659r.png,46,15
06/pcd0660r.png,46,15
06/pcd0661r.png,46,15
06/pcd0662r.png,46,15
06/pcd0663r.png,46,15
06/pcd0664r.png,46,15
06/pcd0666r.png,46,15
06/pcd0665r.png,46,15
06/pcd0667r.png,46,15
06/pcd0668r.png,46,15
06/pcd0669r.png,47,7
06/pcd0670r.png,47,7
06/pcd0672r.png,47,7
06/pcd0671r.png,47,7
06/pcd0673r.png,47,7
06/pcd0674r.png,47,7
06/pcd0675r.png,47,7
06/pcd0676r.png,47,7
06/pcd0677r.png,47,7
06/pcd0678r.png,32,13
06/pcd0679r.png,32,13
06/pcd0680r.png,32,13
06/pcd0681r.png,32,13
06/pcd0682r.png,32,13
06/pcd0683r.png,32,13
06/pcd0684r.png,32,13
06/pcd0685r.png,32,13
06/pcd0686r.png,32,13
06/pcd0687r.png,30,9
06/pcd0688r.png,30,9
06/pcd0689r.png,30,9
06/pcd0690r.png,30,9
06/pcd0691r.png,13,6
06/pcd0692r.png,13,6
06/pcd0693r.png,13,6
06/pcd0694r.png,13,6
06/pcd0695r.png,13,6
06/pcd0697r.png,13,6
06/pcd0696r.png,13,6
06/pcd0698r.png,13,6
06/pcd0699r.png,13,6
